City_ID,City,Country,Date,Lat,Lng,Max Temp,Humidity,Cloudiness,Wind Speed
0,Tuktoyaktuk,CA,2021-12-30 16:26:11,69.4541,-133.0374,-20.2,76,90,4.61
1,Tasiilaq,GL,2021-12-30 16:26:12,65.6145,-37.6368,10.56,55,0,4.9
2,Laguna,US,2021-12-30 16:26:12,38.421,-121.4238,45.1,90,90,3.0
3,Iowa City,US,2021-12-30 16:25:02,41.6611,-91.5302,28.69,88,90,8.05
4,Mar Del Plata,AR,2021-12-30 16:25:36,-38.0023,-57.5575,86.02,49,75,1.99
5,Busselton,AU,2021-12-30 16:26:13,-33.65,115.3333,64.09,88,0,15.17
6,Cabo San Lucas,MX,2021-12-30 16:23:14,22.8909,-109.9124,75.51,80,88,3.76
7,Sorland,NO,2021-12-30 16:26:13,67.667,12.6934,32.07,69,86,12.19
8,Guerrero Negro,MX,2021-12-30 16:26:14,27.9769,-114.0611,57.16,86,100,9.62
9,Salinopolis,BR,2021-12-30 16:26:14,-0.6136,-47.3561,81.86,81,83,9.44
10,Namatanai,PG,2021-12-30 16:26:14,-3.6667,152.4333,81.32,80,96,6.87
11,Ixtapa,MX,2021-12-30 16:26:15,20.7,-105.2,74.23,71,21,1.99
12,Hilo,US,2021-12-30 16:26:15,19.7297,-155.09,69.8,46,90,0.0
13,Broken Hill,AU,2021-12-30 16:24:18,-31.95,141.4333,77.54,25,0,7.45
14,Kodiak,US,2021-12-30 16:25:12,57.79,-152.4072,33.31,86,75,3.44
15,Puerto Ayora,EC,2021-12-30 16:26:16,-0.7393,-90.3518,78.76,79,94,10.16
16,Constitucion,CL,2021-12-30 16:26:16,-35.3333,-72.4167,69.71,56,2,17.47
17,Georgetown,MY,2021-12-30 16:21:36,5.4112,100.3354,80.89,86,40,5.75
18,Lokosovo,RU,2021-12-30 16:21:23,61.1333,74.8167,-8.75,98,67,7.7
19,Albany,US,2021-12-30 16:23:56,42.6001,-73.9662,42.8,94,100,1.97
20,East London,ZA,2021-12-30 16:23:14,-33.0153,27.9116,68.94,73,0,10.36
21,New Norfolk,AU,2021-12-30 16:26:17,-42.7826,147.0587,57.7,55,91,4.05
22,Alakurtti,RU,2021-12-30 16:26:18,66.9672,30.3491,26.64,98,100,3.06
23,Khatanga,RU,2021-12-30 16:26:18,71.9667,102.5,-30.6,99,29,3.42
24,Shuiji,CN,2021-12-30 16:26:18,27.4214,118.345,43.3,73,12,3.42
25,Yellowknife,CA,2021-12-30 16:22:43,62.456,-114.3525,-22.72,81,75,6.91
26,Ushuaia,AR,2021-12-30 16:21:32,-54.8,-68.3,56.86,47,40,6.91
27,Qaanaaq,GL,2021-12-30 16:26:19,77.484,-69.3632,-15.79,85,97,6.87
28,Anadyr,RU,2021-12-30 16:26:19,64.75,177.4833,-1.7,84,75,2.24
29,Zhangye,CN,2021-12-30 16:26:20,38.9342,100.4517,22.64,30,100,4.34
30,Kahului,US,2021-12-30 16:23:20,20.8947,-156.47,73.85,88,20,13.8
31,Mahebourg,MU,2021-12-30 16:26:20,-20.4081,57.7,78.26,69,40,10.36
32,Mogadishu,SO,2021-12-30 16:26:21,2.0371,45.3438,78.21,74,85,19.89
33,Thinadhoo,MV,2021-12-30 16:26:21,0.5333,72.9333,81.36,76,62,12.66
34,Kaitangata,NZ,2021-12-30 16:26:21,-46.2817,169.8464,45.55,76,99,2.89
35,Butaritari,KI,2021-12-30 16:26:22,3.0707,172.7902,81.9,73,100,10.89
36,Dunedin,NZ,2021-12-30 16:22:35,-45.8742,170.5036,50.81,75,100,2.95
37,Talnakh,RU,2021-12-30 16:26:22,69.4865,88.3972,-3.8,100,100,2.8
38,Kamaishi,JP,2021-12-30 16:26:23,39.2667,141.8833,25.5,74,26,5.23
39,Kastamonu,TR,2021-12-30 16:26:23,41.5,33.6667,39.7,85,45,1.88
40,Clyde River,CA,2021-12-30 16:26:23,70.4692,-68.5914,-16.37,76,20,9.22
41,Sambava,MG,2021-12-30 16:26:24,-14.2667,50.1667,80.65,79,100,11.79
42,Taoudenni,ML,2021-12-30 16:26:24,22.6783,-3.9836,82.13,16,0,8.5
43,Mataura,NZ,2021-12-30 16:26:24,-46.1927,168.8643,49.48,84,100,2.01
44,Sao Felix Do Xingu,BR,2021-12-30 16:22:34,-6.6447,-51.995,85.8,67,72,3.31
45,Lagoa,PT,2021-12-30 16:27:25,39.05,-27.9833,59.83,70,80,13.29
46,Lebu,CL,2021-12-30 16:25:35,-37.6167,-73.65,60.66,63,0,16.35
47,Upernavik,GL,2021-12-30 16:27:26,72.7868,-56.1549,-13.41,99,61,11.68
48,Tiksi,RU,2021-12-30 16:27:26,71.6872,128.8694,-30.66,100,100,4.63
49,Geraldton,AU,2021-12-30 16:27:27,-28.7667,114.6,72.12,83,90,14.97
50,Olinda,BR,2021-12-30 16:27:27,-8.0089,-34.8553,85.73,62,40,10.36
51,Avarua,CK,2021-12-30 16:23:53,-21.2078,-159.775,77.05,88,75,12.66
52,Harer,ET,2021-12-30 16:27:28,9.3094,42.1258,64.13,44,20,5.77
53,Faya,SA,2021-12-30 16:27:28,18.3851,42.4509,55.51,80,88,5.01
54,Bredasdorp,ZA,2021-12-30 16:27:28,-34.5322,20.0403,67.32,52,87,11.5
55,Port Elizabeth,ZA,2021-12-30 16:25:24,-33.918,25.5701,69.1,68,0,18.41
56,Luganville,VU,2021-12-30 16:27:29,-15.5333,167.1667,79.88,86,100,2.8
57,Terme,TR,2021-12-30 16:27:29,41.2092,36.9739,49.93,60,25,3.36
58,Hermanus,ZA,2021-12-30 16:22:37,-34.4187,19.2345,69.91,62,48,13.73
59,Port Hardy,CA,2021-12-30 16:27:30,50.6996,-127.4199,33.8,93,75,4.61
60,Castro,BR,2021-12-30 16:27:30,-24.7911,-50.0119,65.89,80,100,6.76
61,Port Alfred,ZA,2021-12-30 16:27:31,-33.5906,26.891,69.01,67,10,18.03
62,Cherskiy,RU,2021-12-30 16:27:31,68.75,161.3,-25.29,99,100,3.42
63,Bilibino,RU,2021-12-30 16:27:31,68.0546,166.4372,-27.17,98,54,3.91
64,Nenjiang,CN,2021-12-30 16:27:32,49.1833,125.2167,-25.85,94,60,2.13
65,La Ronge,CA,2021-12-30 16:27:32,55.1001,-105.2842,-14.31,97,100,5.75
66,Lac-Megantic,CA,2021-12-30 16:27:33,45.5834,-70.8823,33.21,94,100,2.64
67,Jacareacanga,BR,2021-12-30 16:27:33,-6.2222,-57.7528,82.42,76,100,2.46
68,Waitara,NZ,2021-12-30 16:27:33,-38.925,174.25,53.01,84,64,9.82
69,Pevek,RU,2021-12-30 16:27:34,69.7008,170.3133,-16.29,92,100,2.84
70,Pisco,PE,2021-12-30 16:27:34,-13.7,-76.2167,74.01,73,0,10.36
71,Opuwo,NA,2021-12-30 16:27:34,-18.0607,13.84,88.12,19,81,19.19
72,Mizdah,LY,2021-12-30 16:27:35,31.4451,12.9801,59.32,55,7,22.91
73,Abu Dhabi,AE,2021-12-30 16:22:36,24.4667,54.3667,75.31,75,0,1.01
74,Puri,IN,2021-12-30 16:27:35,19.8,85.85,70.32,70,0,10.22
75,Coquimbo,CL,2021-12-30 16:27:36,-29.9533,-71.3436,71.33,60,0,13.8
76,Te Anau,NZ,2021-12-30 16:27:36,-45.4167,167.7167,43.65,92,97,1.99
77,Punta Arenas,CL,2021-12-30 16:24:15,-53.15,-70.9167,57.31,51,40,28.77
78,Zyryanovsk,KZ,2021-12-30 16:27:36,49.7386,84.2719,-1.14,99,100,2.06
79,Rikitea,PF,2021-12-30 16:27:37,-23.1203,-134.9692,77.29,76,73,9.26
80,Emerald,AU,2021-12-30 16:22:54,-23.5333,148.1667,72.34,64,77,12.33
81,Dikson,RU,2021-12-30 16:27:37,73.5069,80.5464,-16.22,96,76,5.44
82,Saldanha,ZA,2021-12-30 16:27:38,-33.0117,17.9442,73.45,70,0,21.72
83,Margate,GB,2021-12-30 16:27:38,51.3813,1.3862,58.69,86,83,7.0
84,Fort Smith,US,2021-12-30 16:27:38,35.3859,-94.3986,55.44,94,90,1.99
85,Kontagora,NG,2021-12-30 16:27:39,10.3999,5.4695,92.73,12,54,4.63
86,Sarahan,IN,2021-12-30 16:27:39,31.5167,77.8,27.88,36,35,11.18
87,Cooma,AU,2021-12-30 16:27:39,-36.2333,149.1333,51.57,87,13,3.44
88,Teeli,RU,2021-12-30 16:27:40,51.0333,90.2333,0.5,98,100,1.19
89,Codrington,AU,2021-12-30 16:25:22,-38.2667,141.9667,60.24,49,0,4.14
90,Henties Bay,NA,2021-12-30 16:27:40,-22.116,14.2845,65.86,74,1,15.41
91,Ribeira Grande,PT,2021-12-30 16:28:41,38.5167,-28.7,59.4,88,75,19.57
92,Atikokan,CA,2021-12-30 16:28:41,48.7555,-91.6216,-2.22,89,95,2.39
93,Boysun,UZ,2021-12-30 16:28:41,38.2061,67.1986,42.64,40,100,5.35
94,Pochutla,MX,2021-12-30 16:28:42,15.7432,-96.4661,84.81,41,0,3.0
95,Nabinagar,BD,2021-12-30 16:28:42,23.8917,90.9733,71.67,54,0,4.07
96,Dicabisagan,PH,2021-12-30 16:28:43,17.0818,122.4157,72.25,81,66,8.7
97,Ninh Binh,VN,2021-12-30 16:28:43,20.2539,105.975,62.37,67,79,1.88
98,Faanui,PF,2021-12-30 16:28:43,-16.4833,-151.75,80.65,74,58,16.49
99,Nikolskoye,RU,2021-12-30 16:28:44,59.7035,30.7861,16.39,94,85,8.41
100,Cidreira,BR,2021-12-30 16:28:44,-30.1811,-50.2056,76.96,73,24,19.51
101,Vaini,TO,2021-12-30 16:28:44,-21.2,-175.2,77.16,94,40,4.61
102,Otkaznoye,RU,2021-12-30 16:28:45,44.3264,43.8608,35.64,82,100,4.03
103,Barabinsk,RU,2021-12-30 16:28:45,55.3571,78.357,-10.01,94,7,10.33
104,Kachug,RU,2021-12-30 16:28:45,53.9606,105.8817,-2.92,91,100,0.45
105,Ishigaki,JP,2021-12-30 16:28:46,24.3448,124.1572,65.64,69,100,21.85
106,Hithadhoo,MV,2021-12-30 16:28:46,-0.6,73.0833,82.35,72,95,13.78
107,Torbay,CA,2021-12-30 16:28:47,47.6666,-52.7314,35.58,87,75,1.01
108,Pangai,TO,2021-12-30 16:28:47,-19.8,-174.35,81.45,75,94,10.6
109,Fortuna,US,2021-12-30 16:28:47,40.5982,-124.1573,39.09,95,20,3.0
110,La Seyne-Sur-Mer,FR,2021-12-30 16:28:48,43.0982,5.8847,62.53,85,38,3.62
111,Kalmunai,LK,2021-12-30 16:28:48,7.4167,81.8167,78.31,82,14,6.64
112,Hobart,AU,2021-12-30 16:28:48,-42.8794,147.3294,58.05,65,89,1.99
113,Port Lincoln,AU,2021-12-30 16:28:49,-34.7333,135.8667,64.0,81,1,7.18
114,Lumberton,US,2021-12-30 16:25:08,34.6182,-79.0086,75.94,80,100,13.31
115,Vila Velha,BR,2021-12-30 16:28:49,-20.3297,-40.2925,84.15,77,20,7.0
116,Katsuura,JP,2021-12-30 16:28:50,35.1333,140.3,42.12,60,3,26.89
117,San Jeronimo,PE,2021-12-30 16:28:50,-11.9472,-75.2829,55.6,68,99,3.38
118,Clive,US,2021-12-30 16:28:50,41.603,-93.7241,25.34,92,90,5.99
119,Jamestown,US,2021-12-30 16:26:01,42.097,-79.2353,40.32,72,90,1.99
120,Avera,US,2021-12-30 16:28:51,33.194,-82.5271,76.37,75,99,14.74
121,Iwanai,JP,2021-12-30 16:28:51,42.9744,140.5089,18.88,83,100,15.79
122,Sinnamary,GF,2021-12-30 16:28:52,5.3833,-52.95,79.47,84,38,10.0
123,Barrow,US,2021-12-30 16:28:52,71.2906,-156.7887,-23.78,76,1,6.91
124,Taunggyi,MM,2021-12-30 16:28:52,20.7833,97.0333,52.88,76,0,1.12
125,Huron,US,2021-12-30 16:28:53,41.1501,-82.5499,41.02,93,100,4.79
126,Strelka,RU,2021-12-30 16:28:53,58.0728,93.0344,6.4,92,100,11.72
127,Ilulissat,GL,2021-12-30 16:28:53,69.2167,-51.1,5.02,51,20,3.44
128,Barstow,US,2021-12-30 16:28:54,34.8986,-117.0228,47.28,81,100,3.0
129,Chuy,UY,2021-12-30 16:28:54,-33.6971,-53.4616,84.76,46,2,12.62
130,Sitka,US,2021-12-30 16:28:55,57.0531,-135.33,30.09,74,1,4.61
131,Isangel,VU,2021-12-30 16:28:55,-19.55,169.2667,79.97,85,100,6.17
132,Katherine,AU,2021-12-30 16:28:55,-14.4667,132.2667,79.12,78,68,0.0
133,Coutances,FR,2021-12-30 16:28:56,49.05,-1.4333,58.86,80,49,13.11
134,Beloha,MG,2021-12-30 16:28:56,-25.1667,45.05,75.87,81,42,12.62
135,Kapaa,US,2021-12-30 16:28:56,22.0752,-159.319,71.47,83,100,4.0
136,Itarema,BR,2021-12-30 16:28:57,-2.9248,-39.9167,88.74,57,31,15.5
137,Tiznit,MA,2021-12-30 16:29:57,29.5833,-9.5,76.01,16,0,4.03
138,Bluff,NZ,2021-12-30 16:29:58,-46.6,168.3333,49.8,74,100,8.72
139,Ozark,US,2021-12-30 16:29:58,37.0209,-93.206,54.01,93,92,1.01
140,Camacha,PT,2021-12-30 16:29:58,33.0833,-16.3333,65.62,77,20,21.85
141,Mikkeli,FI,2021-12-30 16:29:25,61.6886,27.2723,24.91,86,90,9.22
142,Ayan,RU,2021-12-30 16:29:59,56.45,138.1667,-17.77,78,60,12.88
143,Moncton,CA,2021-12-30 16:26:30,46.1159,-64.8019,32.59,96,75,8.05
144,Maceio,BR,2021-12-30 16:28:27,-9.6658,-35.7353,89.04,55,40,13.8
145,Alice Springs,AU,2021-12-30 16:30:00,-23.7,133.8833,74.75,41,85,0.0
146,Grand Baie,MU,2021-12-30 16:30:01,-20.0182,57.5802,78.46,64,81,5.99
147,Provideniya,RU,2021-12-30 16:30:01,64.3833,-173.3,-3.98,85,68,12.5
148,Rundu,NA,2021-12-30 16:30:02,-17.9333,19.7667,83.1,36,78,4.92
149,Severo-Kurilsk,RU,2021-12-30 16:30:03,50.6789,156.125,30.33,96,100,31.5
150,Huayucachi,PE,2021-12-30 16:30:04,-12.1333,-75.2333,60.46,59,93,4.38
151,Camacari,BR,2021-12-30 16:30:05,-12.6975,-38.3242,83.97,63,79,7.74
152,Rena,NO,2021-12-30 16:27:03,61.1348,11.3641,18.93,96,99,3.85
153,Olafsvik,IS,2021-12-30 16:30:05,64.8945,-23.7142,28.72,66,4,7.65
154,Mersing,MY,2021-12-30 16:30:06,2.4312,103.8405,80.51,89,100,11.5
155,Yamada,JP,2021-12-30 16:30:07,39.4667,141.95,22.84,79,37,5.99
156,Green River,US,2021-12-30 16:28:41,41.5286,-109.4662,25.2,88,92,10.94
157,Janakkala,FI,2021-12-30 16:30:08,60.9,24.6,30.42,95,100,11.23
158,Sinfra,CI,2021-12-30 16:30:09,6.6167,-5.9167,94.37,27,11,3.2
159,Sulangan,PH,2021-12-30 16:30:10,11.1373,123.7228,79.03,83,93,25.46
160,Leh,IN,2021-12-30 16:30:10,34.1667,77.5833,-3.5,50,35,3.65
161,Saint-Leu,RE,2021-12-30 16:30:10,-21.15,55.2833,77.86,73,90,6.35
162,San Pedro De Macoris,DO,2021-12-30 16:30:11,18.4616,-69.2972,84.81,51,1,12.5
163,Hasaki,JP,2021-12-30 16:30:11,35.7333,140.8333,37.8,73,27,13.04
164,Sorong,ID,2021-12-30 16:30:11,-0.8833,131.25,79.92,83,69,8.84
165,Bengkulu,ID,2021-12-30 16:30:12,-3.8004,102.2655,74.93,94,96,2.66
166,Karlovo,BG,2021-12-30 16:30:12,42.6333,24.8,41.97,88,100,3.53
167,Saint-Philippe,RE,2021-12-30 16:30:12,-21.3585,55.7679,78.39,74,93,12.86
168,Atuona,PF,2021-12-30 16:30:13,-9.8,-139.0333,78.85,73,1,19.82
169,Carnarvon,AU,2021-12-30 16:30:13,-24.8667,113.6333,75.27,78,0,17.27
170,Arraial Do Cabo,BR,2021-12-30 16:26:55,-22.9661,-42.0278,78.76,83,90,14.97
171,Along,IN,2021-12-30 16:30:14,28.1667,94.7667,55.83,96,99,1.43
172,Kosh-Agach,RU,2021-12-30 16:30:14,50.0,88.6667,2.79,97,90,3.2
173,Voh,NC,2021-12-30 16:30:14,-20.9667,164.7,76.62,91,100,5.01
174,Lompoc,US,2021-12-30 16:30:15,34.6391,-120.4579,56.12,90,40,4.61
175,Cape Town,ZA,2021-12-30 16:27:33,-33.9258,18.4232,70.12,61,20,5.99
176,Dakar,SN,2021-12-30 16:30:15,14.6937,-17.4441,95.88,42,0,4.61
177,Thompson,CA,2021-12-30 16:30:16,55.7435,-97.8558,-12.23,95,99,5.01
178,Norman Wells,CA,2021-12-30 16:30:16,65.282,-126.8329,-18.36,69,75,8.05
179,Bani,DO,2021-12-30 16:31:17,18.2833,-70.3333,83.75,43,1,13.71
180,Sanford,US,2021-12-30 16:31:17,28.8006,-81.2731,77.92,91,75,9.22
181,Balkhash,KZ,2021-12-30 16:31:17,46.844,74.9804,12.45,60,13,18.3
182,Bilma,NE,2021-12-30 16:31:18,18.6853,12.9164,70.11,21,0,7.43
183,Kargasok,RU,2021-12-30 16:31:18,59.0556,80.8572,-8.7,97,41,8.14
184,Otse,BW,2021-12-30 16:31:18,-25.0167,25.7333,87.17,37,48,11.18
185,Trapani,IT,2021-12-30 16:31:19,37.8333,12.6667,58.35,88,20,5.75
186,Jatai,BR,2021-12-30 16:31:19,-17.8814,-51.7144,81.36,62,75,10.16
187,Nanortalik,GL,2021-12-30 16:31:19,60.1432,-45.2371,22.62,70,7,5.37
188,Dongkan,CN,2021-12-30 16:31:20,33.9997,119.8308,34.29,56,2,5.79
189,Merke,KZ,2021-12-30 16:31:20,42.8728,73.1786,33.44,60,74,5.12
190,Ancud,CL,2021-12-30 16:31:21,-41.8697,-73.8203,65.43,55,40,11.92
191,San Carlos De Bariloche,AR,2021-12-30 16:31:21,-41.1456,-71.3082,56.95,33,20,25.32
192,Mumford,GH,2021-12-30 16:31:21,5.2618,-0.759,82.85,74,18,10.16
193,Aklavik,CA,2021-12-30 16:31:22,68.2191,-135.0107,-22.97,76,40,4.61
194,French Harbor,HN,2021-12-30 16:31:22,16.35,-86.4333,84.2,78,20,1.99
195,Vao,NC,2021-12-30 16:31:22,-22.6667,167.4833,76.91,83,100,22.82
196,Elat,IL,2021-12-30 16:31:23,29.5581,34.9482,62.44,51,0,5.75
197,Sao Joao De Pirabas,BR,2021-12-30 16:31:23,-0.7747,-47.1772,83.77,73,67,7.45
198,Boende,CD,2021-12-30 16:31:23,-0.2167,20.8667,74.03,93,83,3.33
199,Klaksvik,FO,2021-12-30 16:31:24,62.2266,-6.589,41.92,97,100,29.95
200,Chapais,CA,2021-12-30 16:31:24,49.7834,-74.8492,15.58,85,100,7.54
201,Petropavlovsk-Kamchatskiy,RU,2021-12-30 16:31:25,53.0452,158.6483,3.79,66,75,11.18
202,Monrovia,LR,2021-12-30 16:31:25,6.3005,-10.7969,91.17,69,17,11.83
203,Lavrentiya,RU,2021-12-30 16:31:26,65.5833,-171.0,-16.55,90,7,5.79
204,Spornoye,RU,2021-12-30 16:31:26,50.8448,37.2913,23.02,98,100,2.46
205,Esperance,AU,2021-12-30 16:31:26,-33.8667,121.9,66.04,90,0,10.0
206,Ocos,GT,2021-12-30 16:31:27,14.5094,-92.1933,87.31,63,6,5.41
207,Padang,ID,2021-12-30 16:31:27,-0.9492,100.3543,77.05,89,96,3.85
208,Plouzane,FR,2021-12-30 16:31:28,48.3833,-4.6167,57.29,91,90,20.71
209,Bolotnoye,RU,2021-12-30 16:31:28,55.6717,84.3981,-9.2,95,85,12.53
210,Springdale,US,2021-12-30 16:31:28,36.1867,-94.1288,55.71,95,40,8.01
211,Mao,ES,2021-12-30 16:31:29,39.8885,4.2658,63.16,72,0,4.61
212,Tanout,NE,2021-12-30 16:31:29,14.9709,8.8879,72.36,13,5,10.85
213,Huarmey,PE,2021-12-30 16:31:29,-10.0681,-78.1522,75.15,71,32,11.83
214,High Level,CA,2021-12-30 16:31:30,58.5169,-117.136,-23.69,83,1,6.91
215,Saint George,US,2021-12-30 16:31:30,37.1041,-113.5841,41.32,92,90,4.0
216,Esso,RU,2021-12-30 16:31:30,55.9333,158.7,-7.42,92,6,3.4
217,Yining,CN,2021-12-30 16:31:31,29.0361,114.5636,40.93,48,8,1.7
218,Batagay,RU,2021-12-30 16:31:31,67.6333,134.6333,-54.99,98,79,2.06
219,Alofi,NU,2021-12-30 16:31:32,-19.0595,-169.9187,75.09,94,67,4.61
220,Ravar,IR,2021-12-30 16:31:32,31.2656,56.8055,50.68,45,77,2.42
221,Narsaq,GL,2021-12-30 16:31:32,60.9167,-46.05,14.22,55,9,7.56
222,Kaputa,ZM,2021-12-30 16:31:33,-8.4689,29.6619,73.83,83,72,6.26
223,Praia,CV,2021-12-30 16:31:33,14.9215,-23.5087,86.54,23,0,14.97
224,Martil,MA,2021-12-30 16:32:34,35.6166,-5.2752,71.67,82,0,6.91
225,Zhigalovo,RU,2021-12-30 16:32:34,54.8097,105.1578,3.78,97,100,0.63
226,San Patricio,US,2021-12-30 16:32:34,28.017,-97.5169,74.12,66,24,5.86
227,Vardo,NO,2021-12-30 16:32:35,70.3705,31.1107,30.18,80,75,11.5
228,Kanker,IN,2021-12-30 16:32:35,20.2719,81.4931,64.99,80,88,3.33
229,Haines Junction,CA,2021-12-30 16:32:35,60.7522,-137.5108,-11.25,77,27,2.3
230,Anan,JP,2021-12-30 16:32:36,33.9167,134.65,39.27,69,19,10.98
231,Egvekinot,RU,2021-12-30 16:32:36,66.3167,-179.1667,-15.03,85,14,10.47
232,Mayo,US,2021-12-30 16:32:36,38.8876,-76.5119,53.37,95,100,1.01
233,Moron,AR,2021-12-30 16:30:06,-34.6534,-58.6198,93.97,32,42,3.44
234,Pozhva,RU,2021-12-30 16:32:37,59.0912,56.0847,2.07,95,100,6.26
235,Ostrovnoy,RU,2021-12-30 16:32:37,68.0531,39.5131,19.96,91,98,14.05
236,Nioro,GM,2021-12-30 16:32:38,13.35,-15.75,97.88,8,1,7.58
237,Orcopampa,PE,2021-12-30 16:32:38,-15.2661,-72.3417,56.8,64,69,7.78
238,Bella Union,UY,2021-12-30 16:32:38,-30.2752,-57.6007,102.52,16,0,3.22
239,Bethel,US,2021-12-30 16:29:03,41.3712,-73.414,45.48,91,90,0.0
240,Casper,US,2021-12-30 16:31:13,42.8666,-106.3131,32.5,46,1,28.99
241,Calvinia,ZA,2021-12-30 16:32:39,-31.4707,19.776,72.03,22,98,9.19
242,Licheng,CN,2021-12-30 16:32:39,23.2955,113.8284,58.93,81,0,4.99
243,Pamanukan,ID,2021-12-30 16:32:40,-6.2842,107.8106,77.27,89,100,3.98
244,Chokurdakh,RU,2021-12-30 16:32:40,70.6333,147.9167,-31.2,99,99,5.12
245,Port-Cartier,CA,2021-12-30 16:32:40,50.0334,-66.8654,35.74,88,100,8.68
246,La Palma,US,2021-12-30 16:31:41,33.8464,-118.0467,57.49,93,90,5.01
247,Bairiki,KI,2021-12-30 16:32:41,1.3292,172.9752,78.8,89,20,0.0
248,Blackwater,AU,2021-12-30 16:32:41,-23.5833,148.8833,68.47,75,67,11.03
249,Asau,RO,2021-12-30 16:32:41,46.4333,26.4,27.75,96,95,4.99
250,San Quintin,MX,2021-12-30 16:32:42,30.4833,-115.95,61.38,65,90,13.47
251,Oranjemund,NA,2021-12-30 16:32:42,-28.55,16.4333,65.62,74,0,20.33
252,Damaturu,NG,2021-12-30 16:32:42,11.747,11.9608,78.58,16,21,9.53
253,Amahai,ID,2021-12-30 16:32:43,-3.3333,128.9167,78.42,85,100,4.16
254,Sioux Lookout,CA,2021-12-30 16:32:43,50.1001,-91.917,-16.22,83,75,0.0
255,Mount Isa,AU,2021-12-30 16:32:44,-20.7333,139.5,76.77,41,42,0.0
256,Yongan,CN,2021-12-30 16:32:44,39.6957,113.6871,18.52,39,1,2.86
257,Los Llanos De Aridane,ES,2021-12-30 16:32:44,28.6585,-17.9182,69.55,64,0,18.41
258,Moranbah,AU,2021-12-30 16:32:45,-22.0016,148.0466,69.51,77,99,20.58
259,Laredo,US,2021-12-30 16:28:09,27.5064,-99.5075,80.85,73,1,3.44
260,Anakapalle,IN,2021-12-30 16:32:45,17.6833,83.0167,68.41,85,0,5.48
261,Lasa,IT,2021-12-30 16:32:46,46.6166,10.7002,47.28,94,91,6.58
262,Moree,AU,2021-12-30 16:32:46,-29.4667,149.85,66.22,68,75,8.05
263,Humaita,BR,2021-12-30 16:32:46,-7.5061,-63.0208,82.13,73,100,4.72
264,Gonzalez,US,2021-12-30 16:32:47,30.5816,-87.2914,80.74,89,75,1.99
265,Nokaneng,BW,2021-12-30 16:32:47,-19.6667,22.2667,81.14,40,70,7.63
266,Turukhansk,RU,2021-12-30 16:32:48,65.8167,87.9833,-17.19,100,100,4.23
267,Tera,NE,2021-12-30 16:32:48,14.0078,0.7531,84.22,9,3,9.48
268,Tsaratanana,MG,2021-12-30 16:32:48,-16.7833,47.65,77.41,80,79,3.27
269,Balakhninskiy,RU,2021-12-30 16:32:49,58.0106,114.2769,-24.41,98,80,2.48
270,Eyl,SO,2021-12-30 16:32:49,7.9803,49.8164,76.93,74,5,15.35
271,Ukhta,RU,2021-12-30 16:33:49,63.5671,53.6835,9.82,92,96,8.16
272,Ponta Grossa,BR,2021-12-30 16:33:50,-25.095,-50.1619,69.22,70,100,7.58
273,Kirakira,SB,2021-12-30 16:33:50,-10.4544,161.9205,79.95,85,100,5.84
274,Datong,CN,2021-12-30 16:31:03,40.0936,113.2914,18.3,34,0,3.13
275,Zapolyarnyy,RU,2021-12-30 16:33:51,69.4154,30.8136,13.28,100,89,1.61
276,Matay,EG,2021-12-30 16:33:51,28.419,30.7792,63.73,45,100,7.43
277,Pilar,BR,2021-12-30 16:33:51,-9.5972,-35.9567,87.73,48,18,12.95
278,Saint-Paul,RE,2021-12-30 16:33:52,-21.0096,55.2707,78.91,78,94,2.95
279,Altamira,BR,2021-12-30 16:33:52,-3.2033,-52.2064,86.09,74,75,6.91
280,Kulachi,PK,2021-12-30 16:33:53,31.9286,70.4592,54.82,29,81,1.14
281,Karatau,KZ,2021-12-30 16:33:53,43.1667,70.4667,27.54,81,100,3.24
282,Vostok,RU,2021-12-30 16:33:53,46.4856,135.8833,-27.27,100,100,2.53
283,Mount Pleasant,US,2021-12-30 16:33:54,32.7941,-79.8626,75.09,87,90,1.01
284,Victoria,HK,2021-12-30 16:30:02,22.2855,114.1577,66.25,83,14,1.99
285,Ketchikan,US,2021-12-30 16:33:55,55.3422,-131.6461,28.87,69,1,10.36
286,Lorengau,PG,2021-12-30 16:33:55,-2.0226,147.2712,80.82,80,100,10.16
287,Beihai,CN,2021-12-30 16:33:55,21.4833,109.1,59.79,68,10,9.04
288,Mountain Home,US,2021-12-30 16:33:56,43.133,-115.6912,25.93,100,75,10.36
289,Sibolga,ID,2021-12-30 16:33:56,1.7427,98.7792,76.96,90,100,2.57
290,Raudeberg,NO,2021-12-30 16:33:56,61.9875,5.1352,36.27,95,99,3.0
291,Walvis Bay,NA,2021-12-30 16:33:57,-22.9575,14.5053,77.95,41,0,17.27
292,Lianzhou,CN,2021-12-30 16:33:57,24.7811,112.3825,44.87,93,0,3.04
293,Sandwick,GB,2021-12-30 16:33:57,60.0,-1.25,48.02,93,20,16.11
294,Hofn,IS,2021-12-30 16:33:58,64.2539,-15.2082,35.62,60,75,12.66
295,Burns Lake,CA,2021-12-30 16:33:58,54.2331,-125.7533,-11.78,100,93,1.74
296,Belle Fourche,US,2021-12-30 16:33:58,44.6714,-103.8522,33.35,66,29,1.52
297,El Carmen,CO,2021-12-30 16:33:59,8.5106,-73.4478,81.95,52,99,2.66
298,Santiago Del Estero,AR,2021-12-30 16:33:59,-27.7951,-64.2615,102.81,13,0,7.99
299,Souillac,MU,2021-12-30 16:34:00,-20.5167,57.5167,78.37,69,40,10.36
300,Caravelas,BR,2021-12-30 16:34:00,-17.7125,-39.2481,84.51,61,87,10.0
301,Samaipata,BO,2021-12-30 16:34:00,-18.15,-63.8667,79.52,44,74,5.37
302,Hay River,CA,2021-12-30 16:34:01,60.8156,-115.7999,-27.42,68,20,4.61
303,Manavalakurichi,IN,2021-12-30 16:34:01,8.1333,77.3,84.29,77,6,7.99
304,Brokopondo,SR,2021-12-30 16:34:02,4.75,-55.1667,82.17,73,71,7.9
305,Berezovyy,RU,2021-12-30 16:34:02,51.6667,135.7,-11.02,98,100,2.93
306,Karratha,AU,2021-12-30 16:34:02,-20.7377,116.8463,80.94,78,32,8.68
307,Kruisfontein,ZA,2021-12-30 16:34:03,-34.0033,24.7314,66.88,69,21,12.5
308,Barra Do Garcas,BR,2021-12-30 16:32:12,-15.89,-52.2567,74.71,88,100,4.36
309,Port Macquarie,AU,2021-12-30 16:31:50,-31.4333,152.9167,63.9,78,28,3.67
310,Kingaroy,AU,2021-12-30 16:34:03,-26.5333,151.8333,60.84,100,75,8.05
311,Kostomuksha,RU,2021-12-30 16:34:04,64.571,30.5767,18.23,92,100,10.27
312,Passo De Camaragibe,BR,2021-12-30 16:34:04,-9.2368,-35.4901,89.15,61,74,9.08
313,Omsukchan,RU,2021-12-30 16:34:04,62.5333,155.8,-41.66,96,51,4.12
314,Buchanan,LR,2021-12-30 16:34:05,5.8808,-10.0467,91.36,72,49,10.22
315,Inirida,CO,2021-12-30 16:34:05,3.8653,-67.9239,85.57,70,97,2.82
316,Barcelos,PT,2021-12-30 16:34:06,41.5388,-8.6151,63.91,78,1,3.96
317,Marica,BR,2021-12-30 16:34:06,-22.9194,-42.8186,81.86,81,100,5.35
318,Santa Rosalia,MX,2021-12-30 16:34:06,27.3167,-112.2833,60.33,65,100,1.95
319,Coihaique,CL,2021-12-30 16:34:07,-45.5752,-72.0662,59.61,62,75,5.75
320,Belyy Yar,RU,2021-12-30 16:35:07,53.6039,91.3903,8.85,76,0,13.42
321,Bam,IR,2021-12-30 16:35:08,29.106,58.357,55.49,38,4,2.98
322,Yumen,CN,2021-12-30 16:35:08,40.2833,97.2,20.8,43,100,18.57
323,Kasungu,MW,2021-12-30 16:35:09,-13.0333,33.4833,73.83,61,96,3.58
324,Pangnirtung,CA,2021-12-30 16:35:09,66.1451,-65.7125,1.4,71,75,2.3
325,Wanlaweyn,SO,2021-12-30 16:35:09,2.6185,44.8938,76.51,70,87,17.98
326,Severodvinsk,RU,2021-12-30 16:35:10,64.5635,39.8302,21.31,89,100,12.46
327,Santa Cruz,BO,2021-12-30 16:35:10,-17.8,-63.1667,89.65,58,40,16.11
328,Evensk,RU,2021-12-30 16:35:10,61.95,159.2333,-10.61,83,89,8.88
329,Ponta Do Sol,PT,2021-12-30 16:35:11,32.6667,-17.1,74.71,79,84,6.35
330,Shizunai,JP,2021-12-30 16:33:01,42.3339,142.3669,24.37,69,97,17.2
331,Vangaindrano,MG,2021-12-30 16:35:11,-23.35,47.6,76.26,88,70,8.03
332,Hamilton,US,2021-12-30 16:31:16,39.1834,-84.5333,48.99,96,90,1.01
333,Gimli,CA,2021-12-30 16:35:12,50.6336,-96.9907,-15.57,76,99,5.75
334,Palembang,ID,2021-12-30 16:35:12,-2.9167,104.7458,78.89,94,40,3.44
335,Millinocket,US,2021-12-30 16:35:12,45.6573,-68.7098,32.41,80,90,0.0
336,Nome,US,2021-12-30 16:35:13,64.5011,-165.4064,-11.13,77,1,0.0
337,Poum,NC,2021-12-30 16:35:13,-20.2333,164.0167,80.64,84,100,19.46
338,Port Hedland,AU,2021-12-30 16:35:13,-20.3167,118.5667,86.05,62,45,18.41
339,Sragen,ID,2021-12-30 16:35:14,-7.4264,111.0222,75.69,90,100,4.21
340,Vestmanna,FO,2021-12-30 16:35:14,62.1564,-7.1664,40.12,81,90,16.11
341,Praia Da Vitoria,PT,2021-12-30 16:35:14,38.7333,-27.0667,61.05,88,40,20.98
342,Honiara,SB,2021-12-30 16:35:15,-9.4333,159.95,78.44,90,100,6.73
343,Luderitz,NA,2021-12-30 16:35:15,-26.6481,15.1594,69.67,59,0,26.78
344,Mehamn,NO,2021-12-30 16:35:16,71.0357,27.8492,30.11,58,40,11.5
345,Vanavara,RU,2021-12-30 16:35:16,60.34,102.2797,3.99,96,100,6.04
346,Vokhtoga,RU,2021-12-30 16:35:16,58.8147,41.0461,4.68,99,95,4.68
347,Sinop,TR,2021-12-30 16:35:17,41.7711,34.8709,45.25,74,42,7.76
348,Shimoda,JP,2021-12-30 16:35:17,34.6667,138.95,39.11,66,12,34.16
349,Darlowo,PL,2021-12-30 16:35:17,54.421,16.4107,43.95,99,100,12.53
350,Sakakah,SA,2021-12-30 16:35:18,29.9697,40.2064,54.97,71,84,8.48
351,Kavieng,PG,2021-12-30 16:35:18,-2.5744,150.7967,82.83,78,100,15.9
352,Saskylakh,RU,2021-12-30 16:35:18,71.9167,114.0833,-35.14,100,24,2.95
353,Cabra,ES,2021-12-30 16:35:19,37.4725,-4.4421,74.19,47,0,1.52
354,Yulara,AU,2021-12-30 16:35:19,-25.2406,130.9889,84.04,17,98,10.36
355,Yueyang,CN,2021-12-30 16:35:19,29.3333,113.0919,43.77,37,35,5.32
356,Dok Kham Tai,TH,2021-12-30 16:35:20,19.1624,99.9934,69.15,84,92,1.45
357,Bathsheba,BB,2021-12-30 16:35:20,13.2167,-59.5167,84.81,58,40,21.85
358,Rudnogorsk,RU,2021-12-30 16:35:20,57.2639,103.7519,-1.35,100,100,3.33
359,Volgodonsk,RU,2021-12-30 16:35:21,47.5136,42.1514,34.23,100,100,5.77
360,Comodoro Rivadavia,AR,2021-12-30 16:35:21,-45.8667,-67.5,71.46,20,20,25.32
361,Kieta,PG,2021-12-30 16:35:22,-6.2167,155.6333,79.43,83,100,3.62
362,Porbandar,IN,2021-12-30 16:35:22,21.6422,69.6093,67.98,49,4,11.5
363,Janovice Nad Uhlavou,CZ,2021-12-30 16:35:22,49.3451,13.2181,54.7,92,100,12.8
364,Bara,NG,2021-12-30 16:35:23,10.3744,10.7288,81.19,17,72,8.5
365,Kholtoson,RU,2021-12-30 16:35:23,50.2981,103.3097,1.96,92,100,3.47
366,Acapulco,MX,2021-12-30 16:31:41,16.8634,-99.8901,78.62,65,1,0.0
367,Laval,CA,2021-12-30 16:33:52,45.57,-73.692,28.29,80,90,1.01
368,Taltal,CL,2021-12-30 16:36:24,-25.4,-70.4833,70.56,70,22,8.93
369,Richards Bay,ZA,2021-12-30 16:36:24,-28.783,32.0377,75.9,94,43,10.36
370,Luena,AO,2021-12-30 16:36:24,-11.7833,19.9167,65.84,82,100,3.15
371,Labuhan,ID,2021-12-30 16:36:25,-6.8844,112.2051,80.53,80,100,5.68
372,Noumea,NC,2021-12-30 16:36:25,-22.2763,166.4572,81.0,99,100,10.89
373,Lesnyye Polyany,RU,2021-12-30 16:36:25,55.9667,37.8667,17.92,98,100,4.45
374,Falmouth,GB,2021-12-30 16:36:26,50.1544,-5.0711,56.3,100,90,19.57
375,Hervey Bay,AU,2021-12-30 16:36:26,-25.2986,152.8535,73.04,71,100,21.59
376,Tsiroanomandidy,MG,2021-12-30 16:36:26,-18.7667,46.0333,67.8,96,100,8.43
377,Honningsvag,NO,2021-12-30 16:36:27,70.9821,25.9704,22.53,57,100,16.37
378,Ginir,ET,2021-12-30 16:36:27,7.1333,40.7,60.64,38,22,1.77
379,Cozumel,MX,2021-12-30 16:31:35,20.5083,-86.9458,84.27,79,20,8.99
380,Camana,PE,2021-12-30 16:36:28,-16.6228,-72.7111,73.04,71,64,9.91
381,Machesney Park,US,2021-12-30 16:36:28,42.3472,-89.039,31.55,78,90,4.0
382,Hurghada,EG,2021-12-30 16:36:28,27.2574,33.8129,68.04,45,0,0.0
383,Soyo,AO,2021-12-30 16:36:29,-6.1349,12.3689,82.45,83,100,7.14
384,Itoman,JP,2021-12-30 16:36:29,26.1247,127.6694,60.82,59,75,19.57
385,Yenagoa,NG,2021-12-30 16:36:29,4.9247,6.2642,87.24,55,51,12.03
386,Rafraf,TN,2021-12-30 16:33:23,37.1904,10.1837,62.91,84,12,19.71
387,Quatre Cocos,MU,2021-12-30 16:36:30,-20.2078,57.7625,78.1,62,86,14.16
388,Bimbo,CF,2021-12-30 16:36:31,4.2567,18.4158,87.73,48,68,2.3
389,Abalak,RU,2021-12-30 16:36:31,58.1286,68.5944,5.63,92,97,9.01
390,Lugovoy,KZ,2021-12-30 16:36:31,42.9472,72.7644,27.07,72,79,3.83
391,Onalaska,US,2021-12-30 16:36:32,43.8844,-91.2351,21.33,84,82,6.44
392,Sohag,EG,2021-12-30 16:36:32,26.557,31.6948,66.49,32,1,5.84
393,Kawanoe,JP,2021-12-30 16:36:32,34.0167,133.5667,43.57,79,71,27.81
394,Necochea,AR,2021-12-30 16:36:33,-38.5473,-58.7368,73.04,40,100,18.75
395,Bambous Virieux,MU,2021-12-30 16:36:33,-20.3428,57.7575,78.22,69,40,10.36
396,Airai,TL,2021-12-30 16:36:33,-8.9266,125.4092,60.49,90,100,1.45
397,Aykhal,RU,2021-12-30 16:33:15,66.0,111.5,-28.59,91,1,2.06
398,Westport,US,2021-12-30 16:35:14,41.1415,-73.3579,48.18,95,90,1.01
399,Iqaluit,CA,2021-12-30 16:36:34,63.7506,-68.5145,13.73,73,90,12.66
400,Borovoy,RU,2021-12-30 16:36:34,55.4333,86.0833,-2.92,77,40,17.9
401,Yuzhno-Kurilsk,RU,2021-12-30 16:36:35,44.0306,145.8556,26.58,82,100,11.05
402,Matara,LK,2021-12-30 16:36:35,5.9485,80.5353,75.76,88,12,9.55
403,Wanganui,NZ,2021-12-30 16:36:35,-39.9333,175.05,60.75,85,79,1.99
404,Novoorsk,RU,2021-12-30 16:36:36,51.381,58.9813,3.85,88,100,6.85
405,Paamiut,GL,2021-12-30 16:36:36,61.994,-49.6678,12.24,68,97,6.93
406,Vung Tau,VN,2021-12-30 16:36:37,10.346,107.0843,77.68,74,89,18.61
407,Gornopravdinsk,RU,2021-12-30 16:36:37,60.05,69.9,6.46,95,100,8.46
408,Amapa,BR,2021-12-30 16:36:37,1.0,-52.0,89.17,49,64,5.64
409,Beringovskiy,RU,2021-12-30 16:36:38,63.05,179.3167,5.23,95,100,15.43
410,Chillicothe,US,2021-12-30 16:36:38,39.3331,-82.9824,49.91,100,90,3.44
411,Skelleftea,SE,2021-12-30 16:36:38,64.7507,20.9528,32.36,69,90,3.44
412,Binucayan,PH,2021-12-30 16:36:39,8.25,125.7167,71.53,99,78,1.36
413,Boa Vista,BR,2021-12-30 16:36:39,2.8197,-60.6733,87.78,55,90,17.27
414,Jiuquan,CN,2021-12-30 16:36:39,39.7432,98.5174,20.64,35,100,1.83
415,Rocha,UY,2021-12-30 16:35:26,-34.4833,-54.3333,96.76,19,12,10.18
416,Port Arthur,CN,2021-12-30 16:37:40,38.8,121.2667,23.22,46,19,15.12
417,Nakamura,JP,2021-12-30 16:37:40,32.9833,132.9333,40.55,72,60,14.23
418,Mananjary,MG,2021-12-30 16:37:41,-21.2167,48.3333,77.49,82,94,7.96
419,Sao Jose Da Coroa Grande,BR,2021-12-30 16:37:41,-8.8978,-35.1478,83.35,63,55,10.49
420,Natal,BR,2021-12-30 16:37:33,-5.795,-35.2094,90.25,62,20,16.11
421,Kisanga,TZ,2021-12-30 16:37:42,-7.4362,37.7034,80.62,78,80,7.85
422,Najran,SA,2021-12-30 16:37:42,17.4924,44.1277,68.65,50,48,0.85
423,Nadym,RU,2021-12-30 16:37:42,65.5333,72.5167,-21.46,100,96,6.26
424,Boguchany,RU,2021-12-30 16:37:43,58.3814,97.4531,9.52,96,100,5.7
425,Meulaboh,ID,2021-12-30 16:37:43,4.1363,96.1285,79.02,84,81,3.06
426,Chippewa Falls,US,2021-12-30 16:37:44,44.9369,-91.3929,17.98,78,90,6.91
427,Hare Bay,CA,2021-12-30 16:37:44,48.8499,-54.0148,31.6,81,95,10.27
428,Palm Springs,US,2021-12-30 16:37:09,33.8303,-116.5453,57.6,77,90,1.01
429,Talara,PE,2021-12-30 16:37:44,-4.5772,-81.2719,83.16,54,0,19.57
430,Pundaguitan,PH,2021-12-30 16:37:45,6.3711,126.1689,78.93,84,100,18.43
431,Foam Lake,CA,2021-12-30 16:37:45,51.65,-103.5343,-36.38,99,46,4.92
432,Dingle,PH,2021-12-30 16:37:45,10.9995,122.6711,74.14,92,100,11.01
433,Boundiali,CI,2021-12-30 16:37:46,9.5217,-6.4869,93.81,11,6,4.61
434,Nemuro,JP,2021-12-30 16:37:46,43.3236,145.575,26.53,94,100,10.67
435,Zermatt,CH,2021-12-30 16:37:47,46.0213,7.7491,38.34,44,18,5.3
436,Emba,KZ,2021-12-30 16:37:47,48.8264,58.1442,11.89,78,100,10.22
437,Iskateley,RU,2021-12-30 16:37:47,67.6803,53.1512,10.02,96,100,8.41
438,Kaeo,NZ,2021-12-30 16:37:48,-35.1,173.7833,57.33,88,85,4.16
439,Katobu,ID,2021-12-30 16:37:48,-4.9408,122.5276,76.62,92,100,1.7
440,Gibara,CU,2021-12-30 16:37:48,21.1097,-76.1317,85.32,55,40,13.73
441,Iskandar,UZ,2021-12-30 16:37:49,41.5539,69.7008,32.85,54,100,9.53
442,Grand-Santi,GF,2021-12-30 16:37:49,4.25,-54.3833,79.09,92,84,4.12
443,Malindi,KE,2021-12-30 16:33:18,-3.2175,40.1191,84.36,70,20,11.5
444,Bet Shemesh,IL,2021-12-30 16:37:50,31.7496,34.9888,60.1,42,80,9.31
445,Leningradskiy,RU,2021-12-30 16:37:50,69.3833,178.4167,-14.8,95,100,5.88
446,Bud,US,2021-12-30 16:37:50,39.447,-86.1758,46.49,99,8,4.36
447,Erenhot,CN,2021-12-30 16:37:51,43.6475,111.9767,13.39,48,0,10.89
448,Tessalit,ML,2021-12-30 16:37:51,20.1986,1.0114,77.72,14,0,9.84
449,Jalu,LY,2021-12-30 16:37:52,29.0331,21.5482,64.63,64,68,18.19
450,Aksu,CN,2021-12-30 16:37:52,41.1231,80.2644,21.34,71,11,0.72
451,Colares,PT,2021-12-30 16:37:52,38.7992,-9.4469,62.98,79,20,8.01
452,Bayanday,RU,2021-12-30 16:37:53,53.0661,105.5139,0.54,92,100,3.6
453,Gat,IL,2021-12-30 16:37:53,31.61,34.7642,61.92,42,82,10.8
454,Greeley,US,2021-12-30 16:37:53,40.4233,-104.7091,47.77,35,0,9.44
455,Lovozero,RU,2021-12-30 16:37:54,68.005,35.0117,3.16,94,74,2.95
456,Maan,PH,2021-12-30 16:37:54,5.9339,124.7356,77.99,83,100,2.53
457,Tigzirt,DZ,2021-12-30 16:37:55,36.8886,4.1198,59.27,66,0,0.83
458,Dalvik,IS,2021-12-30 16:37:55,65.9702,-18.5286,21.13,92,100,5.64
459,Barrhead,GB,2021-12-30 16:37:55,55.7992,-4.3929,54.01,92,20,1.01
460,Rodino,RU,2021-12-30 16:38:56,52.5,80.25,-13.81,99,19,6.64
461,Coahuayana,MX,2021-12-30 16:38:56,18.7333,-103.6833,84.06,48,0,2.68
462,Longyearbyen,SJ,2021-12-30 16:38:56,78.2186,15.6401,-0.56,78,0,12.66
463,Benton Harbor,US,2021-12-30 16:38:57,42.1167,-86.4542,34.48,78,90,8.05
464,Champerico,GT,2021-12-30 16:38:57,14.3,-91.9167,87.35,60,7,4.43
465,Taki,IN,2021-12-30 16:38:58,22.5861,88.9214,70.03,52,36,5.68
466,Lingao,CN,2021-12-30 16:38:58,19.9103,109.6859,66.09,77,70,10.36
467,Bonaventure,CA,2021-12-30 16:38:59,48.0457,-65.4926,31.33,86,100,4.61
468,Cockburn Town,TC,2021-12-30 16:38:59,21.4612,-71.1419,78.48,69,0,15.73
469,Winona,US,2021-12-30 16:36:00,43.9666,-91.7668,18.55,86,67,8.25
470,Buckeburg,DE,2021-12-30 16:38:59,52.2607,9.0494,58.12,93,100,13.8
471,Hambantota,LK,2021-12-30 16:39:00,6.1241,81.1185,76.6,88,17,13.31
472,Shingu,JP,2021-12-30 16:39:00,33.7333,135.9833,42.91,60,2,13.09
473,Cumpas,MX,2021-12-30 16:39:00,29.9833,-109.7833,53.89,65,98,6.87
474,Mosquera,CO,2021-12-30 16:39:01,4.7059,-74.2302,66.29,48,40,6.91
475,Broome,US,2021-12-30 16:39:01,42.2506,-75.833,42.84,82,90,1.01
476,Samarai,PG,2021-12-30 16:39:01,-10.6167,150.6667,82.35,81,100,6.38
477,Trybukhivtsi,UA,2021-12-30 16:39:02,49.0436,25.4581,29.48,97,98,4.52
478,Stornoway,GB,2021-12-30 16:39:02,58.2093,-6.3865,48.92,91,75,5.99
479,Isla Mujeres,MX,2021-12-30 16:38:10,21.2311,-86.731,84.25,80,7,15.1
480,Gamba,GA,2021-12-30 16:39:03,-2.65,10.0,74.82,90,100,3.09
481,Moose Factory,CA,2021-12-30 16:39:03,51.2585,-80.6094,3.2,78,75,10.36
482,Ahipara,NZ,2021-12-30 16:39:04,-35.1667,173.1667,65.19,67,95,10.8
483,Mandalgovi,MN,2021-12-30 16:39:04,45.7625,106.2708,12.0,45,0,10.18
484,Umm Kaddadah,SD,2021-12-30 16:39:05,13.6017,26.6876,70.05,22,36,11.68
485,Nyurba,RU,2021-12-30 16:39:05,63.2842,118.3319,-37.61,100,91,3.09
486,Zhigansk,RU,2021-12-30 16:39:05,66.7697,123.3711,-42.18,99,100,7.52
487,Kungurtug,RU,2021-12-30 16:39:06,50.5994,97.5228,-1.66,97,100,1.14
488,Mount Gambier,AU,2021-12-30 16:39:06,-37.8333,140.7667,57.11,62,0,1.14
489,Cayenne,GF,2021-12-30 16:39:07,4.9333,-52.3333,84.24,81,75,8.01
490,Seddon,AU,2021-12-30 16:39:07,-37.8068,144.8916,68.38,77,0,6.91
491,Fairmont,US,2021-12-30 16:39:07,39.4851,-80.1426,59.25,88,87,2.55
492,Bowen,AU,2021-12-30 16:39:08,-20.0167,148.2333,75.42,81,100,17.43
493,Lubao,PH,2021-12-30 16:39:08,14.9167,120.55,77.07,79,11,10.18
494,Sao Raimundo Nonato,BR,2021-12-30 16:39:08,-9.0153,-42.6994,88.27,45,99,5.46
495,Santa Rosa,PH,2021-12-30 16:39:09,14.3122,121.1114,76.86,73,57,16.06
496,Makokou,GA,2021-12-30 16:39:09,0.5738,12.8642,75.69,86,92,3.53
497,Sedalia,US,2021-12-30 16:38:54,38.7045,-93.2283,35.51,93,90,5.75
498,Valenca Do Piaui,BR,2021-12-30 16:39:10,-6.4075,-41.7456,88.97,44,91,7.05
499,Camocim,BR,2021-12-30 16:39:10,-2.9022,-40.8411,84.34,71,62,14.94
500,Chimore,BO,2021-12-30 16:39:10,-16.9833,-65.1333,96.53,41,20,5.46
501,Shitanjing,CN,2021-12-30 16:39:11,39.2342,106.3439,19.18,36,99,3.98
502,Gudari,IN,2021-12-30 16:39:11,19.35,83.7833,66.72,81,39,2.01
503,Saurimo,AO,2021-12-30 16:40:11,-9.6608,20.3916,67.77,93,78,2.93
504,Srednekolymsk,RU,2021-12-30 16:40:12,67.45,153.6833,-34.82,98,68,6.89
505,Namibe,AO,2021-12-30 16:40:12,-15.1961,12.1522,74.34,66,51,7.74
506,Petrolia,CA,2021-12-30 16:40:12,42.8668,-82.1498,35.42,75,90,5.75
507,Ca Mau,VN,2021-12-30 16:40:11,9.1769,105.15,77.81,71,92,12.1
508,Ishinomaki,JP,2021-12-30 16:40:13,38.4167,141.3,31.1,73,53,6.76
509,Mayor Pablo Lagerenza,PY,2021-12-30 16:40:13,-19.9309,-60.7718,103.39,28,0,9.46
510,Port Victoria,KE,2021-12-30 16:40:14,0.0939,33.9756,71.47,77,98,10.11
511,Puerto Penasco,MX,2021-12-30 16:40:14,31.3167,-113.5333,58.91,86,100,15.01
512,La Rochelle,FR,2021-12-30 16:40:14,46.1667,-1.15,60.87,77,0,6.91
513,Havre-Saint-Pierre,CA,2021-12-30 16:40:15,50.2334,-63.5986,28.99,93,90,9.22
514,Pestravka,RU,2021-12-30 16:40:15,52.405,49.9583,15.73,96,94,6.76
515,Vilyuysk,RU,2021-12-30 16:40:16,63.7553,121.6247,-41.55,100,94,2.46
516,Touros,BR,2021-12-30 16:37:39,-5.1989,-35.4608,90.5,61,70,14.27
517,Beni,CD,2021-12-30 16:40:16,0.5,29.4667,69.31,80,97,2.3
518,El Vigia,VE,2021-12-30 16:40:17,8.6219,-71.6506,84.43,66,100,4.99
519,Marawi,PH,2021-12-30 16:40:17,7.9986,124.2928,66.65,96,100,1.16
520,Altay,CN,2021-12-30 16:40:17,47.8667,88.1167,10.62,84,100,3.8
521,Jumla,NP,2021-12-30 16:40:18,29.2747,82.1838,27.82,88,56,5.75
522,Udimskiy,RU,2021-12-30 16:40:18,61.1417,45.9144,6.44,97,97,7.34
523,Parintins,BR,2021-12-30 16:40:19,-2.6283,-56.7358,91.56,49,79,3.91
524,Hualmay,PE,2021-12-30 16:40:19,-11.0964,-77.6139,75.09,70,34,11.54
525,Jutai,BR,2021-12-30 16:40:19,-5.1833,-68.9,83.25,86,91,3.38
526,Luanda,AO,2021-12-30 16:39:19,-8.8368,13.2343,73.4,94,75,13.8
527,Hami,CN,2021-12-30 16:40:20,42.8,93.45,21.63,54,5,2.77
528,Palmer,US,2021-12-30 16:40:20,42.1584,-72.3287,43.38,87,90,0.0
529,Mamontovo,RU,2021-12-30 16:40:21,52.7055,81.6244,-14.64,98,14,6.38
530,Oranjestad,AW,2021-12-30 16:40:21,12.524,-70.027,84.15,69,75,5.99
531,Boffa,GN,2021-12-30 16:40:21,10.1667,-14.0333,90.5,49,0,10.92
532,Riyadh,SA,2021-12-30 16:36:39,24.6877,46.7219,64.54,51,67,6.29
533,Shambu,ET,2021-12-30 16:40:22,9.5667,37.1,54.99,71,94,2.35
534,Qui Nhon,VN,2021-12-30 16:40:22,13.7667,109.2333,73.0,85,56,17.49
535,Les Cayes,HT,2021-12-30 16:40:22,18.2,-73.75,85.12,53,1,7.58
536,Kristiinankaupunki,FI,2021-12-30 16:40:23,62.2743,21.376,34.2,98,100,18.25
537,Khambhat,IN,2021-12-30 16:40:23,22.3,72.6167,65.89,55,0,12.01
538,Farkhor,TJ,2021-12-30 16:40:24,37.4922,69.4036,43.68,43,100,6.06
539,Flinders,AU,2021-12-30 16:40:24,-34.5833,150.8552,67.37,81,52,1.99
540,Kurumkan,RU,2021-12-30 16:40:24,54.3,110.3,-8.28,89,77,3.0
541,Inhambane,MZ,2021-12-30 16:40:25,-23.865,35.3833,84.18,74,20,11.5
542,Trelew,AR,2021-12-30 16:40:25,-43.249,-65.3051,76.32,14,18,21.47
543,Isla Vista,US,2021-12-30 16:39:03,34.4133,-119.861,56.3,80,90,0.0
544,Inverness,GB,2021-12-30 16:36:50,57.4791,-4.224,52.99,82,20,5.01
545,Pozoblanco,ES,2021-12-30 16:40:26,38.3791,-4.8483,59.58,57,0,2.91
546,Avesta,SE,2021-12-30 16:40:26,60.1455,16.1679,38.12,97,100,10.67
547,Minna,NG,2021-12-30 16:41:27,9.6139,6.5569,89.33,15,44,4.99
548,Tautira,PF,2021-12-30 16:41:28,-17.7333,-149.15,77.02,70,80,16.33
549,Goderich,CA,2021-12-30 16:41:28,43.7501,-81.7165,34.92,69,93,6.91
550,Ossora,RU,2021-12-30 16:41:29,59.2353,163.0719,-7.78,89,25,5.68
